DATAFLOW,LAST UPDATE,freq,reporter,partner,product,flow,indicators,TIME_PERIOD,OBS_VALUE
ESTAT:DS-045409(1.0),06/02/26 11:00:00,Annual,"European Union - 27 countries (AT, BE, BG, CY, CZ, DE, DK, EE, ES, FI, FR, GR, HR, HU, IE, IT, LT, LU, LV, MT, NL, PL, PT, RO, SE, SI, SK)",Angola,TIN AND ARTICLES THEREOF,IMPORT,VALUE_IN_EUROS,2001,5961
ESTAT:DS-045409(1.0),06/02/26 11:00:00,Annual,"European Union - 27 countries (AT, BE, BG, CY, CZ, DE, DK, EE, ES, FI, FR, GR, HR, HU, IE, IT, LT, LU, LV, MT, NL, PL, PT, RO, SE, SI, SK)",Angola,TIN AND ARTICLES THEREOF,IMPORT,VALUE_IN_EUROS,2023,9
ESTAT:DS-045409(1.0),06/02/26 11:00:00,Annual,"European Union - 27 countries (AT, BE, BG, CY, CZ, DE, DK, EE, ES, FI, FR, GR, HR, HU, IE, IT, LT, LU, LV, MT, NL, PL, PT, RO, SE, SI, SK)",Burkina Faso,TIN AND ARTICLES THEREOF,IMPORT,VALUE_IN_EUROS,2009,996
ESTAT:DS-045409(1.0),06/02/26 11:00:00,Annual,"European Union - 27 countries (AT, BE, BG, CY, CZ, DE, DK, EE, ES, FI, FR, GR, HR, HU, IE, IT, LT, LU, LV, MT, NL, PL, PT, RO, SE, SI, SK)","Congo, Democratic Republic of",TIN AND ARTICLES THEREOF,IMPORT,VALUE_IN_EUROS,2006,5054
ESTAT:DS-045409(1.0),06/02/26 11:00:00,Annual,"European Union - 27 countries (AT, BE, BG, CY, CZ, DE, DK, EE, ES, FI, FR, GR, HR, HU, IE, IT, LT, LU, LV, MT, NL, PL, PT, RO, SE, SI, SK)","Congo, Democratic Republic of",TIN AND ARTICLES THEREOF,IMPORT,VALUE_IN_EUROS,2007,196387
ESTAT:DS-045409(1.0),06/02/26 11:00:00,Annual,"European Union - 27 countries (AT, BE, BG, CY, CZ, DE, DK, EE, ES, FI, FR, GR, HR, HU, IE, IT, LT, LU, LV, MT, NL, PL, PT, RO, SE, SI, SK)","Congo, Democratic Republic of",TIN AND ARTICLES THEREOF,IMPORT,VALUE_IN_EUROS,2021,74
ESTAT:DS-045409(1.0),06/02/26 11:00:00,Annual,"European Union - 27 countries (AT, BE, BG, CY, CZ, DE, DK, EE, ES, FI, FR, GR, HR, HU, IE, IT, LT, LU, LV, MT, NL, PL, PT, RO, SE, SI, SK)","Congo, Democratic Republic of",TIN AND ARTICLES THEREOF,IMPORT,VALUE_IN_EUROS,2023,1962180
ESTAT:DS-045409(1.0),06/02/26 11:00:00,Annual,"European Union - 27 countries (AT, BE, BG, CY, CZ, DE, DK, EE, ES, FI, FR, GR, HR, HU, IE, IT, LT, LU, LV, MT, NL, PL, PT, RO, SE, SI, SK)","Congo, Democratic Republic of",TIN AND ARTICLES THEREOF,IMPORT,VALUE_IN_EUROS,2024,2631849
ESTAT:DS-045409(1.0),06/02/26 11:00:00,Annual,"European Union - 27 countries (AT, BE, BG, CY, CZ, DE, DK, EE, ES, FI, FR, GR, HR, HU, IE, IT, LT, LU, LV, MT, NL, PL, PT, RO, SE, SI, SK)",Congo,TIN AND ARTICLES THEREOF,IMPORT,VALUE_IN_EUROS,2021,77
ESTAT:DS-045409(1.0),06/02/26 11:00:00,Annual,"European Union - 27 countries (AT, BE, BG, CY, CZ, DE, DK, EE, ES, FI, FR, GR, HR, HU, IE, IT, LT, LU, LV, MT, NL, PL, PT, RO, SE, SI, SK)",Congo,TIN AND ARTICLES THEREOF,IMPORT,VALUE_IN_EUROS,2023,2635598
ESTAT:DS-045409(1.0),06/02/26 11:00:00,Annual,"European Union - 27 countries (AT, BE, BG, CY, CZ, DE, DK, EE, ES, FI, FR, GR, HR, HU, IE, IT, LT, LU, LV, MT, NL, PL, PT, RO, SE, SI, SK)",Congo,TIN AND ARTICLES THEREOF,IMPORT,VALUE_IN_EUROS,2024,3629876
ESTAT:DS-045409(1.0),06/02/26 11:00:00,Annual,"European Union - 27 countries (AT, BE, BG, CY, CZ, DE, DK, EE, ES, FI, FR, GR, HR, HU, IE, IT, LT, LU, LV, MT, NL, PL, PT, RO, SE, SI, SK)",Côte d’Ivoire (Ivory Coast),TIN AND ARTICLES THEREOF,IMPORT,VALUE_IN_EUROS,2002,105270
ESTAT:DS-045409(1.0),06/02/26 11:00:00,Annual,"European Union - 27 countries (AT, BE, BG, CY, CZ, DE, DK, EE, ES, FI, FR, GR, HR, HU, IE, IT, LT, LU, LV, MT, NL, PL, PT, RO, SE, SI, SK)",Côte d’Ivoire (Ivory Coast),TIN AND ARTICLES THEREOF,IMPORT,VALUE_IN_EUROS,2011,1726
ESTAT:DS-045409(1.0),06/02/26 11:00:00,Annual,"European Union - 27 countries (AT, BE, BG, CY, CZ, DE, DK, EE, ES, FI, FR, GR, HR, HU, IE, IT, LT, LU, LV, MT, NL, PL, PT, RO, SE, SI, SK)",Cameroon,TIN AND ARTICLES THEREOF,IMPORT,VALUE_IN_EUROS,2012,347
ESTAT:DS-045409(1.0),06/02/26 11:00:00,Annual,"European Union - 27 countries (AT, BE, BG, CY, CZ, DE, DK, EE, ES, FI, FR, GR, HR, HU, IE, IT, LT, LU, LV, MT, NL, PL, PT, RO, SE, SI, SK)",Cameroon,TIN AND ARTICLES THEREOF,IMPORT,VALUE_IN_EUROS,2024,65
ESTAT:DS-045409(1.0),06/02/26 11:00:00,Annual,"European Union - 27 countries (AT, BE, BG, CY, CZ, DE, DK, EE, ES, FI, FR, GR, HR, HU, IE, IT, LT, LU, LV, MT, NL, PL, PT, RO, SE, SI, SK)",Algeria,TIN AND ARTICLES THEREOF,IMPORT,VALUE_IN_EUROS,2008,31544
ESTAT:DS-045409(1.0),06/02/26 11:00:00,Annual,"European Union - 27 countries (AT, BE, BG, CY, CZ, DE, DK, EE, ES, FI, FR, GR, HR, HU, IE, IT, LT, LU, LV, MT, NL, PL, PT, RO, SE, SI, SK)",Algeria,TIN AND ARTICLES THEREOF,IMPORT,VALUE_IN_EUROS,2014,137070
ESTAT:DS-045409(1.0),06/02/26 11:00:00,Annual,"European Union - 27 countries (AT, BE, BG, CY, CZ, DE, DK, EE, ES, FI, FR, GR, HR, HU, IE, IT, LT, LU, LV, MT, NL, PL, PT, RO, SE, SI, SK)",Algeria,TIN AND ARTICLES THEREOF,IMPORT,VALUE_IN_EUROS,2015,1
ESTAT:DS-045409(1.0),06/02/26 11:00:00,Annual,"European Union - 27 countries (AT, BE, BG, CY, CZ, DE, DK, EE, ES, FI, FR, GR, HR, HU, IE, IT, LT, LU, LV, MT, NL, PL, PT, RO, SE, SI, SK)",Algeria,TIN AND ARTICLES THEREOF,IMPORT,VALUE_IN_EUROS,2023,172
ESTAT:DS-045409(1.0),06/02/26 11:00:00,Annual,"European Union - 27 countries (AT, BE, BG, CY, CZ, DE, DK, EE, ES, FI, FR, GR, HR, HU, IE, IT, LT, LU, LV, MT, NL, PL, PT, RO, SE, SI, SK)",Egypt,TIN AND ARTICLES THEREOF,IMPORT,VALUE_IN_EUROS,2001,169774
ESTAT:DS-045409(1.0),06/02/26 11:00:00,Annual,"European Union - 27 countries (AT, BE, BG, CY, CZ, DE, DK, EE, ES, FI, FR, GR, HR, HU, IE, IT, LT, LU, LV, MT, NL, PL, PT, RO, SE, SI, SK)",Egypt,TIN AND ARTICLES THEREOF,IMPORT,VALUE_IN_EUROS,2002,100694
ESTAT:DS-045409(1.0),06/02/26 11:00:00,Annual,"European Union - 27 countries (AT, BE, BG, CY, CZ, DE, DK, EE, ES, FI, FR, GR, HR, HU, IE, IT, LT, LU, LV, MT, NL, PL, PT, RO, SE, SI, SK)",Egypt,TIN AND ARTICLES THEREOF,IMPORT,VALUE_IN_EUROS,2004,47040
ESTAT:DS-045409(1.0),06/02/26 11:00:00,Annual,"European Union - 27 countries (AT, BE, BG, CY, CZ, DE, DK, EE, ES, FI, FR, GR, HR, HU, IE, IT, LT, LU, LV, MT, NL, PL, PT, RO, SE, SI, SK)",Egypt,TIN AND ARTICLES THEREOF,IMPORT,VALUE_IN_EUROS,2005,161724
ESTAT:DS-045409(1.0),06/02/26 11:00:00,Annual,"European Union - 27 countries (AT, BE, BG, CY, CZ, DE, DK, EE, ES, FI, FR, GR, HR, HU, IE, IT, LT, LU, LV, MT, NL, PL, PT, RO, SE, SI, SK)",Egypt,TIN AND ARTICLES THEREOF,IMPORT,VALUE_IN_EUROS,2008,724
ESTAT:DS-045409(1.0),06/02/26 11:00:00,Annual,"European Union - 27 countries (AT, BE, BG, CY, CZ, DE, DK, EE, ES, FI, FR, GR, HR, HU, IE, IT, LT, LU, LV, MT, NL, PL, PT, RO, SE, SI, SK)",Egypt,TIN AND ARTICLES THEREOF,IMPORT,VALUE_IN_EUROS,2011,10
ESTAT:DS-045409(1.0),06/02/26 11:00:00,Annual,"European Union - 27 countries (AT, BE, BG, CY, CZ, DE, DK, EE, ES, FI, FR, GR, HR, HU, IE, IT, LT, LU, LV, MT, NL, PL, PT, RO, SE, SI, SK)",Egypt,TIN AND ARTICLES THEREOF,IMPORT,VALUE_IN_EUROS,2013,272181
ESTAT:DS-045409(1.0),06/02/26 11:00:00,Annual,"European Union - 27 countries (AT, BE, BG, CY, CZ, DE, DK, EE, ES, FI, FR, GR, HR, HU, IE, IT, LT, LU, LV, MT, NL, PL, PT, RO, SE, SI, SK)",Egypt,TIN AND ARTICLES THEREOF,IMPORT,VALUE_IN_EUROS,2014,33
ESTAT:DS-045409(1.0),06/02/26 11:00:00,Annual,"European Union - 27 countries (AT, BE, BG, CY, CZ, DE, DK, EE, ES, FI, FR, GR, HR, HU, IE, IT, LT, LU, LV, MT, NL, PL, PT, RO, SE, SI, SK)",Egypt,TIN AND ARTICLES THEREOF,IMPORT,VALUE_IN_EUROS,2015,295962
ESTAT:DS-045409(1.0),06/02/26 11:00:00,Annual,"European Union - 27 countries (AT, BE, BG, CY, CZ, DE, DK, EE, ES, FI, FR, GR, HR, HU, IE, IT, LT, LU, LV, MT, NL, PL, PT, RO, SE, SI, SK)",Egypt,TIN AND ARTICLES THEREOF,IMPORT,VALUE_IN_EUROS,2016,889
ESTAT:DS-045409(1.0),06/02/26 11:00:00,Annual,"European Union - 27 countries (AT, BE, BG, CY, CZ, DE, DK, EE, ES, FI, FR, GR, HR, HU, IE, IT, LT, LU, LV, MT, NL, PL, PT, RO, SE, SI, SK)",Egypt,TIN AND ARTICLES THEREOF,IMPORT,VALUE_IN_EUROS,2017,153
ESTAT:DS-045409(1.0),06/02/26 11:00:00,Annual,"European Union - 27 countries (AT, BE, BG, CY, CZ, DE, DK, EE, ES, FI, FR, GR, HR, HU, IE, IT, LT, LU, LV, MT, NL, PL, PT, RO, SE, SI, SK)",Egypt,TIN AND ARTICLES THEREOF,IMPORT,VALUE_IN_EUROS,2018,914
ESTAT:DS-045409(1.0),06/02/26 11:00:00,Annual,"European Union - 27 countries (AT, BE, BG, CY, CZ, DE, DK, EE, ES, FI, FR, GR, HR, HU, IE, IT, LT, LU, LV, MT, NL, PL, PT, RO, SE, SI, SK)",Egypt,TIN AND ARTICLES THEREOF,IMPORT,VALUE_IN_EUROS,2019,17386
ESTAT:DS-045409(1.0),06/02/26 11:00:00,Annual,"European Union - 27 countries (AT, BE, BG, CY, CZ, DE, DK, EE, ES, FI, FR, GR, HR, HU, IE, IT, LT, LU, LV, MT, NL, PL, PT, RO, SE, SI, SK)",Egypt,TIN AND ARTICLES THEREOF,IMPORT,VALUE_IN_EUROS,2020,34572
ESTAT:DS-045409(1.0),06/02/26 11:00:00,Annual,"European Union - 27 countries (AT, BE, BG, CY, CZ, DE, DK, EE, ES, FI, FR, GR, HR, HU, IE, IT, LT, LU, LV, MT, NL, PL, PT, RO, SE, SI, SK)",Egypt,TIN AND ARTICLES THEREOF,IMPORT,VALUE_IN_EUROS,2021,154570
ESTAT:DS-045409(1.0),06/02/26 11:00:00,Annual,"European Union - 27 countries (AT, BE, BG, CY, CZ, DE, DK, EE, ES, FI, FR, GR, HR, HU, IE, IT, LT, LU, LV, MT, NL, PL, PT, RO, SE, SI, SK)",Egypt,TIN AND ARTICLES THEREOF,IMPORT,VALUE_IN_EUROS,2022,2562
ESTAT:DS-045409(1.0),06/02/26 11:00:00,Annual,"European Union - 27 countries (AT, BE, BG, CY, CZ, DE, DK, EE, ES, FI, FR, GR, HR, HU, IE, IT, LT, LU, LV, MT, NL, PL, PT, RO, SE, SI, SK)",Egypt,TIN AND ARTICLES THEREOF,IMPORT,VALUE_IN_EUROS,2023,2140
ESTAT:DS-045409(1.0),06/02/26 11:00:00,Annual,"European Union - 27 countries (AT, BE, BG, CY, CZ, DE, DK, EE, ES, FI, FR, GR, HR, HU, IE, IT, LT, LU, LV, MT, NL, PL, PT, RO, SE, SI, SK)",Egypt,TIN AND ARTICLES THEREOF,IMPORT,VALUE_IN_EUROS,2024,19
ESTAT:DS-045409(1.0),06/02/26 11:00:00,Annual,"European Union - 27 countries (AT, BE, BG, CY, CZ, DE, DK, EE, ES, FI, FR, GR, HR, HU, IE, IT, LT, LU, LV, MT, NL, PL, PT, RO, SE, SI, SK)",Ghana,TIN AND ARTICLES THEREOF,IMPORT,VALUE_IN_EUROS,2000,147
ESTAT:DS-045409(1.0),06/02/26 11:00:00,Annual,"European Union - 27 countries (AT, BE, BG, CY, CZ, DE, DK, EE, ES, FI, FR, GR, HR, HU, IE, IT, LT, LU, LV, MT, NL, PL, PT, RO, SE, SI, SK)",Ghana,TIN AND ARTICLES THEREOF,IMPORT,VALUE_IN_EUROS,2006,60149
ESTAT:DS-045409(1.0),06/02/26 11:00:00,Annual,"European Union - 27 countries (AT, BE, BG, CY, CZ, DE, DK, EE, ES, FI, FR, GR, HR, HU, IE, IT, LT, LU, LV, MT, NL, PL, PT, RO, SE, SI, SK)",Ghana,TIN AND ARTICLES THEREOF,IMPORT,VALUE_IN_EUROS,2013,74
ESTAT:DS-045409(1.0),06/02/26 11:00:00,Annual,"European Union - 27 countries (AT, BE, BG, CY, CZ, DE, DK, EE, ES, FI, FR, GR, HR, HU, IE, IT, LT, LU, LV, MT, NL, PL, PT, RO, SE, SI, SK)",Ghana,TIN AND ARTICLES THEREOF,IMPORT,VALUE_IN_EUROS,2015,82
ESTAT:DS-045409(1.0),06/02/26 11:00:00,Annual,"European Union - 27 countries (AT, BE, BG, CY, CZ, DE, DK, EE, ES, FI, FR, GR, HR, HU, IE, IT, LT, LU, LV, MT, NL, PL, PT, RO, SE, SI, SK)",Ghana,TIN AND ARTICLES THEREOF,IMPORT,VALUE_IN_EUROS,2022,20
ESTAT:DS-045409(1.0),06/02/26 11:00:00,Annual,"European Union - 27 countries (AT, BE, BG, CY, CZ, DE, DK, EE, ES, FI, FR, GR, HR, HU, IE, IT, LT, LU, LV, MT, NL, PL, PT, RO, SE, SI, SK)",Gambia,TIN AND ARTICLES THEREOF,IMPORT,VALUE_IN_EUROS,2000,10
ESTAT:DS-045409(1.0),06/02/26 11:00:00,Annual,"European Union - 27 countries (AT, BE, BG, CY, CZ, DE, DK, EE, ES, FI, FR, GR, HR, HU, IE, IT, LT, LU, LV, MT, NL, PL, PT, RO, SE, SI, SK)",Gambia,TIN AND ARTICLES THEREOF,IMPORT,VALUE_IN_EUROS,2012,25
ESTAT:DS-045409(1.0),06/02/26 11:00:00,Annual,"European Union - 27 countries (AT, BE, BG, CY, CZ, DE, DK, EE, ES, FI, FR, GR, HR, HU, IE, IT, LT, LU, LV, MT, NL, PL, PT, RO, SE, SI, SK)",Equatorial Guinea,TIN AND ARTICLES THEREOF,IMPORT,VALUE_IN_EUROS,2024,6
ESTAT:DS-045409(1.0),06/02/26 11:00:00,Annual,"European Union - 27 countries (AT, BE, BG, CY, CZ, DE, DK, EE, ES, FI, FR, GR, HR, HU, IE, IT, LT, LU, LV, MT, NL, PL, PT, RO, SE, SI, SK)",Kenya,TIN AND ARTICLES THEREOF,IMPORT,VALUE_IN_EUROS,2000,331307
ESTAT:DS-045409(1.0),06/02/26 11:00:00,Annual,"European Union - 27 countries (AT, BE, BG, CY, CZ, DE, DK, EE, ES, FI, FR, GR, HR, HU, IE, IT, LT, LU, LV, MT, NL, PL, PT, RO, SE, SI, SK)",Kenya,TIN AND ARTICLES THEREOF,IMPORT,VALUE_IN_EUROS,2001,253010
ESTAT:DS-045409(1.0),06/02/26 11:00:00,Annual,"European Union - 27 countries (AT, BE, BG, CY, CZ, DE, DK, EE, ES, FI, FR, GR, HR, HU, IE, IT, LT, LU, LV, MT, NL, PL, PT, RO, SE, SI, SK)",Kenya,TIN AND ARTICLES THEREOF,IMPORT,VALUE_IN_EUROS,2002,45
ESTAT:DS-045409(1.0),06/02/26 11:00:00,Annual,"European Union - 27 countries (AT, BE, BG, CY, CZ, DE, DK, EE, ES, FI, FR, GR, HR, HU, IE, IT, LT, LU, LV, MT, NL, PL, PT, RO, SE, SI, SK)",Kenya,TIN AND ARTICLES THEREOF,IMPORT,VALUE_IN_EUROS,2004,272
ESTAT:DS-045409(1.0),06/02/26 11:00:00,Annual,"European Union - 27 countries (AT, BE, BG, CY, CZ, DE, DK, EE, ES, FI, FR, GR, HR, HU, IE, IT, LT, LU, LV, MT, NL, PL, PT, RO, SE, SI, SK)",Kenya,TIN AND ARTICLES THEREOF,IMPORT,VALUE_IN_EUROS,2007,369
ESTAT:DS-045409(1.0),06/02/26 11:00:00,Annual,"European Union - 27 countries (AT, BE, BG, CY, CZ, DE, DK, EE, ES, FI, FR, GR, HR, HU, IE, IT, LT, LU, LV, MT, NL, PL, PT, RO, SE, SI, SK)",Kenya,TIN AND ARTICLES THEREOF,IMPORT,VALUE_IN_EUROS,2012,26
ESTAT:DS-045409(1.0),06/02/26 11:00:00,Annual,"European Union - 27 countries (AT, BE, BG, CY, CZ, DE, DK, EE, ES, FI, FR, GR, HR, HU, IE, IT, LT, LU, LV, MT, NL, PL, PT, RO, SE, SI, SK)",Kenya,TIN AND ARTICLES THEREOF,IMPORT,VALUE_IN_EUROS,2013,7
ESTAT:DS-045409(1.0),06/02/26 11:00:00,Annual,"European Union - 27 countries (AT, BE, BG, CY, CZ, DE, DK, EE, ES, FI, FR, GR, HR, HU, IE, IT, LT, LU, LV, MT, NL, PL, PT, RO, SE, SI, SK)",Kenya,TIN AND ARTICLES THEREOF,IMPORT,VALUE_IN_EUROS,2022,1169499
ESTAT:DS-045409(1.0),06/02/26 11:00:00,Annual,"European Union - 27 countries (AT, BE, BG, CY, CZ, DE, DK, EE, ES, FI, FR, GR, HR, HU, IE, IT, LT, LU, LV, MT, NL, PL, PT, RO, SE, SI, SK)",Kenya,TIN AND ARTICLES THEREOF,IMPORT,VALUE_IN_EUROS,2023,5864519
ESTAT:DS-045409(1.0),06/02/26 11:00:00,Annual,"European Union - 27 countries (AT, BE, BG, CY, CZ, DE, DK, EE, ES, FI, FR, GR, HR, HU, IE, IT, LT, LU, LV, MT, NL, PL, PT, RO, SE, SI, SK)",Kenya,TIN AND ARTICLES THEREOF,IMPORT,VALUE_IN_EUROS,2024,120773
ESTAT:DS-045409(1.0),06/02/26 11:00:00,Annual,"European Union - 27 countries (AT, BE, BG, CY, CZ, DE, DK, EE, ES, FI, FR, GR, HR, HU, IE, IT, LT, LU, LV, MT, NL, PL, PT, RO, SE, SI, SK)",Libya,TIN AND ARTICLES THEREOF,IMPORT,VALUE_IN_EUROS,2015,9306
ESTAT:DS-045409(1.0),06/02/26 11:00:00,Annual,"European Union - 27 countries (AT, BE, BG, CY, CZ, DE, DK, EE, ES, FI, FR, GR, HR, HU, IE, IT, LT, LU, LV, MT, NL, PL, PT, RO, SE, SI, SK)",Morocco,TIN AND ARTICLES THEREOF,IMPORT,VALUE_IN_EUROS,1999,88620
ESTAT:DS-045409(1.0),06/02/26 11:00:00,Annual,"European Union - 27 countries (AT, BE, BG, CY, CZ, DE, DK, EE, ES, FI, FR, GR, HR, HU, IE, IT, LT, LU, LV, MT, NL, PL, PT, RO, SE, SI, SK)",Morocco,TIN AND ARTICLES THEREOF,IMPORT,VALUE_IN_EUROS,2000,152885
ESTAT:DS-045409(1.0),06/02/26 11:00:00,Annual,"European Union - 27 countries (AT, BE, BG, CY, CZ, DE, DK, EE, ES, FI, FR, GR, HR, HU, IE, IT, LT, LU, LV, MT, NL, PL, PT, RO, SE, SI, SK)",Morocco,TIN AND ARTICLES THEREOF,IMPORT,VALUE_IN_EUROS,2001,3998
ESTAT:DS-045409(1.0),06/02/26 11:00:00,Annual,"European Union - 27 countries (AT, BE, BG, CY, CZ, DE, DK, EE, ES, FI, FR, GR, HR, HU, IE, IT, LT, LU, LV, MT, NL, PL, PT, RO, SE, SI, SK)",Morocco,TIN AND ARTICLES THEREOF,IMPORT,VALUE_IN_EUROS,2003,25334
ESTAT:DS-045409(1.0),06/02/26 11:00:00,Annual,"European Union - 27 countries (AT, BE, BG, CY, CZ, DE, DK, EE, ES, FI, FR, GR, HR, HU, IE, IT, LT, LU, LV, MT, NL, PL, PT, RO, SE, SI, SK)",Morocco,TIN AND ARTICLES THEREOF,IMPORT,VALUE_IN_EUROS,2004,2724
ESTAT:DS-045409(1.0),06/02/26 11:00:00,Annual,"European Union - 27 countries (AT, BE, BG, CY, CZ, DE, DK, EE, ES, FI, FR, GR, HR, HU, IE, IT, LT, LU, LV, MT, NL, PL, PT, RO, SE, SI, SK)",Morocco,TIN AND ARTICLES THEREOF,IMPORT,VALUE_IN_EUROS,2005,21954
ESTAT:DS-045409(1.0),06/02/26 11:00:00,Annual,"European Union - 27 countries (AT, BE, BG, CY, CZ, DE, DK, EE, ES, FI, FR, GR, HR, HU, IE, IT, LT, LU, LV, MT, NL, PL, PT, RO, SE, SI, SK)",Morocco,TIN AND ARTICLES THEREOF,IMPORT,VALUE_IN_EUROS,2006,153658
ESTAT:DS-045409(1.0),06/02/26 11:00:00,Annual,"European Union - 27 countries (AT, BE, BG, CY, CZ, DE, DK, EE, ES, FI, FR, GR, HR, HU, IE, IT, LT, LU, LV, MT, NL, PL, PT, RO, SE, SI, SK)",Morocco,TIN AND ARTICLES THEREOF,IMPORT,VALUE_IN_EUROS,2007,87675
ESTAT:DS-045409(1.0),06/02/26 11:00:00,Annual,"European Union - 27 countries (AT, BE, BG, CY, CZ, DE, DK, EE, ES, FI, FR, GR, HR, HU, IE, IT, LT, LU, LV, MT, NL, PL, PT, RO, SE, SI, SK)",Morocco,TIN AND ARTICLES THEREOF,IMPORT,VALUE_IN_EUROS,2008,3919
ESTAT:DS-045409(1.0),06/02/26 11:00:00,Annual,"European Union - 27 countries (AT, BE, BG, CY, CZ, DE, DK, EE, ES, FI, FR, GR, HR, HU, IE, IT, LT, LU, LV, MT, NL, PL, PT, RO, SE, SI, SK)",Morocco,TIN AND ARTICLES THEREOF,IMPORT,VALUE_IN_EUROS,2009,3422
ESTAT:DS-045409(1.0),06/02/26 11:00:00,Annual,"European Union - 27 countries (AT, BE, BG, CY, CZ, DE, DK, EE, ES, FI, FR, GR, HR, HU, IE, IT, LT, LU, LV, MT, NL, PL, PT, RO, SE, SI, SK)",Morocco,TIN AND ARTICLES THEREOF,IMPORT,VALUE_IN_EUROS,2010,29540
ESTAT:DS-045409(1.0),06/02/26 11:00:00,Annual,"European Union - 27 countries (AT, BE, BG, CY, CZ, DE, DK, EE, ES, FI, FR, GR, HR, HU, IE, IT, LT, LU, LV, MT, NL, PL, PT, RO, SE, SI, SK)",Morocco,TIN AND ARTICLES THEREOF,IMPORT,VALUE_IN_EUROS,2011,164450
ESTAT:DS-045409(1.0),06/02/26 11:00:00,Annual,"European Union - 27 countries (AT, BE, BG, CY, CZ, DE, DK, EE, ES, FI, FR, GR, HR, HU, IE, IT, LT, LU, LV, MT, NL, PL, PT, RO, SE, SI, SK)",Morocco,TIN AND ARTICLES THEREOF,IMPORT,VALUE_IN_EUROS,2012,173739
ESTAT:DS-045409(1.0),06/02/26 11:00:00,Annual,"European Union - 27 countries (AT, BE, BG, CY, CZ, DE, DK, EE, ES, FI, FR, GR, HR, HU, IE, IT, LT, LU, LV, MT, NL, PL, PT, RO, SE, SI, SK)",Morocco,TIN AND ARTICLES THEREOF,IMPORT,VALUE_IN_EUROS,2013,23670
ESTAT:DS-045409(1.0),06/02/26 11:00:00,Annual,"European Union - 27 countries (AT, BE, BG, CY, CZ, DE, DK, EE, ES, FI, FR, GR, HR, HU, IE, IT, LT, LU, LV, MT, NL, PL, PT, RO, SE, SI, SK)",Morocco,TIN AND ARTICLES THEREOF,IMPORT,VALUE_IN_EUROS,2014,386585
ESTAT:DS-045409(1.0),06/02/26 11:00:00,Annual,"European Union - 27 countries (AT, BE, BG, CY, CZ, DE, DK, EE, ES, FI, FR, GR, HR, HU, IE, IT, LT, LU, LV, MT, NL, PL, PT, RO, SE, SI, SK)",Morocco,TIN AND ARTICLES THEREOF,IMPORT,VALUE_IN_EUROS,2015,91795
ESTAT:DS-045409(1.0),06/02/26 11:00:00,Annual,"European Union - 27 countries (AT, BE, BG, CY, CZ, DE, DK, EE, ES, FI, FR, GR, HR, HU, IE, IT, LT, LU, LV, MT, NL, PL, PT, RO, SE, SI, SK)",Morocco,TIN AND ARTICLES THEREOF,IMPORT,VALUE_IN_EUROS,2016,70009
ESTAT:DS-045409(1.0),06/02/26 11:00:00,Annual,"European Union - 27 countries (AT, BE, BG, CY, CZ, DE, DK, EE, ES, FI, FR, GR, HR, HU, IE, IT, LT, LU, LV, MT, NL, PL, PT, RO, SE, SI, SK)",Morocco,TIN AND ARTICLES THEREOF,IMPORT,VALUE_IN_EUROS,2017,68454
ESTAT:DS-045409(1.0),06/02/26 11:00:00,Annual,"European Union - 27 countries (AT, BE, BG, CY, CZ, DE, DK, EE, ES, FI, FR, GR, HR, HU, IE, IT, LT, LU, LV, MT, NL, PL, PT, RO, SE, SI, SK)",Morocco,TIN AND ARTICLES THEREOF,IMPORT,VALUE_IN_EUROS,2018,133494
ESTAT:DS-045409(1.0),06/02/26 11:00:00,Annual,"European Union - 27 countries (AT, BE, BG, CY, CZ, DE, DK, EE, ES, FI, FR, GR, HR, HU, IE, IT, LT, LU, LV, MT, NL, PL, PT, RO, SE, SI, SK)",Morocco,TIN AND ARTICLES THEREOF,IMPORT,VALUE_IN_EUROS,2019,116729
ESTAT:DS-045409(1.0),06/02/26 11:00:00,Annual,"European Union - 27 countries (AT, BE, BG, CY, CZ, DE, DK, EE, ES, FI, FR, GR, HR, HU, IE, IT, LT, LU, LV, MT, NL, PL, PT, RO, SE, SI, SK)",Morocco,TIN AND ARTICLES THEREOF,IMPORT,VALUE_IN_EUROS,2020,132303
ESTAT:DS-045409(1.0),06/02/26 11:00:00,Annual,"European Union - 27 countries (AT, BE, BG, CY, CZ, DE, DK, EE, ES, FI, FR, GR, HR, HU, IE, IT, LT, LU, LV, MT, NL, PL, PT, RO, SE, SI, SK)",Morocco,TIN AND ARTICLES THEREOF,IMPORT,VALUE_IN_EUROS,2021,248100
ESTAT:DS-045409(1.0),06/02/26 11:00:00,Annual,"European Union - 27 countries (AT, BE, BG, CY, CZ, DE, DK, EE, ES, FI, FR, GR, HR, HU, IE, IT, LT, LU, LV, MT, NL, PL, PT, RO, SE, SI, SK)",Morocco,TIN AND ARTICLES THEREOF,IMPORT,VALUE_IN_EUROS,2022,666591
ESTAT:DS-045409(1.0),06/02/26 11:00:00,Annual,"European Union - 27 countries (AT, BE, BG, CY, CZ, DE, DK, EE, ES, FI, FR, GR, HR, HU, IE, IT, LT, LU, LV, MT, NL, PL, PT, RO, SE, SI, SK)",Morocco,TIN AND ARTICLES THEREOF,IMPORT,VALUE_IN_EUROS,2023,183474
ESTAT:DS-045409(1.0),06/02/26 11:00:00,Annual,"European Union - 27 countries (AT, BE, BG, CY, CZ, DE, DK, EE, ES, FI, FR, GR, HR, HU, IE, IT, LT, LU, LV, MT, NL, PL, PT, RO, SE, SI, SK)",Morocco,TIN AND ARTICLES THEREOF,IMPORT,VALUE_IN_EUROS,2024,152339
ESTAT:DS-045409(1.0),06/02/26 11:00:00,Annual,"European Union - 27 countries (AT, BE, BG, CY, CZ, DE, DK, EE, ES, FI, FR, GR, HR, HU, IE, IT, LT, LU, LV, MT, NL, PL, PT, RO, SE, SI, SK)",Madagascar,TIN AND ARTICLES THEREOF,IMPORT,VALUE_IN_EUROS,2020,5880
ESTAT:DS-045409(1.0),06/02/26 11:00:00,Annual,"European Union - 27 countries (AT, BE, BG, CY, CZ, DE, DK, EE, ES, FI, FR, GR, HR, HU, IE, IT, LT, LU, LV, MT, NL, PL, PT, RO, SE, SI, SK)",Madagascar,TIN AND ARTICLES THEREOF,IMPORT,VALUE_IN_EUROS,2021,1552
ESTAT:DS-045409(1.0),06/02/26 11:00:00,Annual,"European Union - 27 countries (AT, BE, BG, CY, CZ, DE, DK, EE, ES, FI, FR, GR, HR, HU, IE, IT, LT, LU, LV, MT, NL, PL, PT, RO, SE, SI, SK)",Mali,TIN AND ARTICLES THEREOF,IMPORT,VALUE_IN_EUROS,2004,37758
ESTAT:DS-045409(1.0),06/02/26 11:00:00,Annual,"European Union - 27 countries (AT, BE, BG, CY, CZ, DE, DK, EE, ES, FI, FR, GR, HR, HU, IE, IT, LT, LU, LV, MT, NL, PL, PT, RO, SE, SI, SK)",Mauritius,TIN AND ARTICLES THEREOF,IMPORT,VALUE_IN_EUROS,2002,6453
ESTAT:DS-045409(1.0),06/02/26 11:00:00,Annual,"European Union - 27 countries (AT, BE, BG, CY, CZ, DE, DK, EE, ES, FI, FR, GR, HR, HU, IE, IT, LT, LU, LV, MT, NL, PL, PT, RO, SE, SI, SK)",Mauritius,TIN AND ARTICLES THEREOF,IMPORT,VALUE_IN_EUROS,2003,3602
ESTAT:DS-045409(1.0),06/02/26 11:00:00,Annual,"European Union - 27 countries (AT, BE, BG, CY, CZ, DE, DK, EE, ES, FI, FR, GR, HR, HU, IE, IT, LT, LU, LV, MT, NL, PL, PT, RO, SE, SI, SK)",Mauritius,TIN AND ARTICLES THEREOF,IMPORT,VALUE_IN_EUROS,2005,1370
ESTAT:DS-045409(1.0),06/02/26 11:00:00,Annual,"European Union - 27 countries (AT, BE, BG, CY, CZ, DE, DK, EE, ES, FI, FR, GR, HR, HU, IE, IT, LT, LU, LV, MT, NL, PL, PT, RO, SE, SI, SK)",Mauritius,TIN AND ARTICLES THEREOF,IMPORT,VALUE_IN_EUROS,2020,8125
ESTAT:DS-045409(1.0),06/02/26 11:00:00,Annual,"European Union - 27 countries (AT, BE, BG, CY, CZ, DE, DK, EE, ES, FI, FR, GR, HR, HU, IE, IT, LT, LU, LV, MT, NL, PL, PT, RO, SE, SI, SK)",Mauritius,TIN AND ARTICLES THEREOF,IMPORT,VALUE_IN_EUROS,2022,29129
ESTAT:DS-045409(1.0),06/02/26 11:00:00,Annual,"European Union - 27 countries (AT, BE, BG, CY, CZ, DE, DK, EE, ES, FI, FR, GR, HR, HU, IE, IT, LT, LU, LV, MT, NL, PL, PT, RO, SE, SI, SK)",Mauritius,TIN AND ARTICLES THEREOF,IMPORT,VALUE_IN_EUROS,2023,15857
ESTAT:DS-045409(1.0),06/02/26 11:00:00,Annual,"European Union - 27 countries (AT, BE, BG, CY, CZ, DE, DK, EE, ES, FI, FR, GR, HR, HU, IE, IT, LT, LU, LV, MT, NL, PL, PT, RO, SE, SI, SK)",Mauritius,TIN AND ARTICLES THEREOF,IMPORT,VALUE_IN_EUROS,2024,7
ESTAT:DS-045409(1.0),06/02/26 11:00:00,Annual,"European Union - 27 countries (AT, BE, BG, CY, CZ, DE, DK, EE, ES, FI, FR, GR, HR, HU, IE, IT, LT, LU, LV, MT, NL, PL, PT, RO, SE, SI, SK)",Namibia,TIN AND ARTICLES THEREOF,IMPORT,VALUE_IN_EUROS,1999,1819
ESTAT:DS-045409(1.0),06/02/26 11:00:00,Annual,"European Union - 27 countries (AT, BE, BG, CY, CZ, DE, DK, EE, ES, FI, FR, GR, HR, HU, IE, IT, LT, LU, LV, MT, NL, PL, PT, RO, SE, SI, SK)",Namibia,TIN AND ARTICLES THEREOF,IMPORT,VALUE_IN_EUROS,2024,9
ESTAT:DS-045409(1.0),06/02/26 11:00:00,Annual,"European Union - 27 countries (AT, BE, BG, CY, CZ, DE, DK, EE, ES, FI, FR, GR, HR, HU, IE, IT, LT, LU, LV, MT, NL, PL, PT, RO, SE, SI, SK)",Nigeria,TIN AND ARTICLES THEREOF,IMPORT,VALUE_IN_EUROS,1999,119063
ESTAT:DS-045409(1.0),06/02/26 11:00:00,Annual,"European Union - 27 countries (AT, BE, BG, CY, CZ, DE, DK, EE, ES, FI, FR, GR, HR, HU, IE, IT, LT, LU, LV, MT, NL, PL, PT, RO, SE, SI, SK)",Nigeria,TIN AND ARTICLES THEREOF,IMPORT,VALUE_IN_EUROS,2000,439353
ESTAT:DS-045409(1.0),06/02/26 11:00:00,Annual,"European Union - 27 countries (AT, BE, BG, CY, CZ, DE, DK, EE, ES, FI, FR, GR, HR, HU, IE, IT, LT, LU, LV, MT, NL, PL, PT, RO, SE, SI, SK)",Nigeria,TIN AND ARTICLES THEREOF,IMPORT,VALUE_IN_EUROS,2001,383335
ESTAT:DS-045409(1.0),06/02/26 11:00:00,Annual,"European Union - 27 countries (AT, BE, BG, CY, CZ, DE, DK, EE, ES, FI, FR, GR, HR, HU, IE, IT, LT, LU, LV, MT, NL, PL, PT, RO, SE, SI, SK)",Nigeria,TIN AND ARTICLES THEREOF,IMPORT,VALUE_IN_EUROS,2002,415316
ESTAT:DS-045409(1.0),06/02/26 11:00:00,Annual,"European Union - 27 countries (AT, BE, BG, CY, CZ, DE, DK, EE, ES, FI, FR, GR, HR, HU, IE, IT, LT, LU, LV, MT, NL, PL, PT, RO, SE, SI, SK)",Nigeria,TIN AND ARTICLES THEREOF,IMPORT,VALUE_IN_EUROS,2003,470489
ESTAT:DS-045409(1.0),06/02/26 11:00:00,Annual,"European Union - 27 countries (AT, BE, BG, CY, CZ, DE, DK, EE, ES, FI, FR, GR, HR, HU, IE, IT, LT, LU, LV, MT, NL, PL, PT, RO, SE, SI, SK)",Nigeria,TIN AND ARTICLES THEREOF,IMPORT,VALUE_IN_EUROS,2004,760256
ESTAT:DS-045409(1.0),06/02/26 11:00:00,Annual,"European Union - 27 countries (AT, BE, BG, CY, CZ, DE, DK, EE, ES, FI, FR, GR, HR, HU, IE, IT, LT, LU, LV, MT, NL, PL, PT, RO, SE, SI, SK)",Nigeria,TIN AND ARTICLES THEREOF,IMPORT,VALUE_IN_EUROS,2008,867
ESTAT:DS-045409(1.0),06/02/26 11:00:00,Annual,"European Union - 27 countries (AT, BE, BG, CY, CZ, DE, DK, EE, ES, FI, FR, GR, HR, HU, IE, IT, LT, LU, LV, MT, NL, PL, PT, RO, SE, SI, SK)",Nigeria,TIN AND ARTICLES THEREOF,IMPORT,VALUE_IN_EUROS,2015,155
ESTAT:DS-045409(1.0),06/02/26 11:00:00,Annual,"European Union - 27 countries (AT, BE, BG, CY, CZ, DE, DK, EE, ES, FI, FR, GR, HR, HU, IE, IT, LT, LU, LV, MT, NL, PL, PT, RO, SE, SI, SK)",Nigeria,TIN AND ARTICLES THEREOF,IMPORT,VALUE_IN_EUROS,2016,46
ESTAT:DS-045409(1.0),06/02/26 11:00:00,Annual,"European Union - 27 countries (AT, BE, BG, CY, CZ, DE, DK, EE, ES, FI, FR, GR, HR, HU, IE, IT, LT, LU, LV, MT, NL, PL, PT, RO, SE, SI, SK)",Nigeria,TIN AND ARTICLES THEREOF,IMPORT,VALUE_IN_EUROS,2021,493
ESTAT:DS-045409(1.0),06/02/26 11:00:00,Annual,"European Union - 27 countries (AT, BE, BG, CY, CZ, DE, DK, EE, ES, FI, FR, GR, HR, HU, IE, IT, LT, LU, LV, MT, NL, PL, PT, RO, SE, SI, SK)",Nigeria,TIN AND ARTICLES THEREOF,IMPORT,VALUE_IN_EUROS,2022,445
ESTAT:DS-045409(1.0),06/02/26 11:00:00,Annual,"European Union - 27 countries (AT, BE, BG, CY, CZ, DE, DK, EE, ES, FI, FR, GR, HR, HU, IE, IT, LT, LU, LV, MT, NL, PL, PT, RO, SE, SI, SK)",Nigeria,TIN AND ARTICLES THEREOF,IMPORT,VALUE_IN_EUROS,2023,94
ESTAT:DS-045409(1.0),06/02/26 11:00:00,Annual,"European Union - 27 countries (AT, BE, BG, CY, CZ, DE, DK, EE, ES, FI, FR, GR, HR, HU, IE, IT, LT, LU, LV, MT, NL, PL, PT, RO, SE, SI, SK)",Nigeria,TIN AND ARTICLES THEREOF,IMPORT,VALUE_IN_EUROS,2024,20
ESTAT:DS-045409(1.0),06/02/26 11:00:00,Annual,"European Union - 27 countries (AT, BE, BG, CY, CZ, DE, DK, EE, ES, FI, FR, GR, HR, HU, IE, IT, LT, LU, LV, MT, NL, PL, PT, RO, SE, SI, SK)",Rwanda,TIN AND ARTICLES THEREOF,IMPORT,VALUE_IN_EUROS,2003,50757
ESTAT:DS-045409(1.0),06/02/26 11:00:00,Annual,"European Union - 27 countries (AT, BE, BG, CY, CZ, DE, DK, EE, ES, FI, FR, GR, HR, HU, IE, IT, LT, LU, LV, MT, NL, PL, PT, RO, SE, SI, SK)",Rwanda,TIN AND ARTICLES THEREOF,IMPORT,VALUE_IN_EUROS,2015,299371
ESTAT:DS-045409(1.0),06/02/26 11:00:00,Annual,"European Union - 27 countries (AT, BE, BG, CY, CZ, DE, DK, EE, ES, FI, FR, GR, HR, HU, IE, IT, LT, LU, LV, MT, NL, PL, PT, RO, SE, SI, SK)",Rwanda,TIN AND ARTICLES THEREOF,IMPORT,VALUE_IN_EUROS,2016,262278
ESTAT:DS-045409(1.0),06/02/26 11:00:00,Annual,"European Union - 27 countries (AT, BE, BG, CY, CZ, DE, DK, EE, ES, FI, FR, GR, HR, HU, IE, IT, LT, LU, LV, MT, NL, PL, PT, RO, SE, SI, SK)",Rwanda,TIN AND ARTICLES THEREOF,IMPORT,VALUE_IN_EUROS,2020,1454042
ESTAT:DS-045409(1.0),06/02/26 11:00:00,Annual,"European Union - 27 countries (AT, BE, BG, CY, CZ, DE, DK, EE, ES, FI, FR, GR, HR, HU, IE, IT, LT, LU, LV, MT, NL, PL, PT, RO, SE, SI, SK)",Rwanda,TIN AND ARTICLES THEREOF,IMPORT,VALUE_IN_EUROS,2021,5574927
ESTAT:DS-045409(1.0),06/02/26 11:00:00,Annual,"European Union - 27 countries (AT, BE, BG, CY, CZ, DE, DK, EE, ES, FI, FR, GR, HR, HU, IE, IT, LT, LU, LV, MT, NL, PL, PT, RO, SE, SI, SK)",Rwanda,TIN AND ARTICLES THEREOF,IMPORT,VALUE_IN_EUROS,2022,5681234
ESTAT:DS-045409(1.0),06/02/26 11:00:00,Annual,"European Union - 27 countries (AT, BE, BG, CY, CZ, DE, DK, EE, ES, FI, FR, GR, HR, HU, IE, IT, LT, LU, LV, MT, NL, PL, PT, RO, SE, SI, SK)",Rwanda,TIN AND ARTICLES THEREOF,IMPORT,VALUE_IN_EUROS,2023,4582260
ESTAT:DS-045409(1.0),06/02/26 11:00:00,Annual,"European Union - 27 countries (AT, BE, BG, CY, CZ, DE, DK, EE, ES, FI, FR, GR, HR, HU, IE, IT, LT, LU, LV, MT, NL, PL, PT, RO, SE, SI, SK)",Rwanda,TIN AND ARTICLES THEREOF,IMPORT,VALUE_IN_EUROS,2024,9682374
ESTAT:DS-045409(1.0),06/02/26 11:00:00,Annual,"European Union - 27 countries (AT, BE, BG, CY, CZ, DE, DK, EE, ES, FI, FR, GR, HR, HU, IE, IT, LT, LU, LV, MT, NL, PL, PT, RO, SE, SI, SK)",Senegal,TIN AND ARTICLES THEREOF,IMPORT,VALUE_IN_EUROS,2018,1010
ESTAT:DS-045409(1.0),06/02/26 11:00:00,Annual,"European Union - 27 countries (AT, BE, BG, CY, CZ, DE, DK, EE, ES, FI, FR, GR, HR, HU, IE, IT, LT, LU, LV, MT, NL, PL, PT, RO, SE, SI, SK)",Senegal,TIN AND ARTICLES THEREOF,IMPORT,VALUE_IN_EUROS,2020,2273
ESTAT:DS-045409(1.0),06/02/26 11:00:00,Annual,"European Union - 27 countries (AT, BE, BG, CY, CZ, DE, DK, EE, ES, FI, FR, GR, HR, HU, IE, IT, LT, LU, LV, MT, NL, PL, PT, RO, SE, SI, SK)",Senegal,TIN AND ARTICLES THEREOF,IMPORT,VALUE_IN_EUROS,2022,405
ESTAT:DS-045409(1.0),06/02/26 11:00:00,Annual,"European Union - 27 countries (AT, BE, BG, CY, CZ, DE, DK, EE, ES, FI, FR, GR, HR, HU, IE, IT, LT, LU, LV, MT, NL, PL, PT, RO, SE, SI, SK)",Senegal,TIN AND ARTICLES THEREOF,IMPORT,VALUE_IN_EUROS,2023,3751
ESTAT:DS-045409(1.0),06/02/26 11:00:00,Annual,"European Union - 27 countries (AT, BE, BG, CY, CZ, DE, DK, EE, ES, FI, FR, GR, HR, HU, IE, IT, LT, LU, LV, MT, NL, PL, PT, RO, SE, SI, SK)",Somalia,TIN AND ARTICLES THEREOF,IMPORT,VALUE_IN_EUROS,2007,26
ESTAT:DS-045409(1.0),06/02/26 11:00:00,Annual,"European Union - 27 countries (AT, BE, BG, CY, CZ, DE, DK, EE, ES, FI, FR, GR, HR, HU, IE, IT, LT, LU, LV, MT, NL, PL, PT, RO, SE, SI, SK)",Eswatini (Ngwane),TIN AND ARTICLES THEREOF,IMPORT,VALUE_IN_EUROS,2009,1030
ESTAT:DS-045409(1.0),06/02/26 11:00:00,Annual,"European Union - 27 countries (AT, BE, BG, CY, CZ, DE, DK, EE, ES, FI, FR, GR, HR, HU, IE, IT, LT, LU, LV, MT, NL, PL, PT, RO, SE, SI, SK)",Chad,TIN AND ARTICLES THEREOF,IMPORT,VALUE_IN_EUROS,2002,113455
ESTAT:DS-045409(1.0),06/02/26 11:00:00,Annual,"European Union - 27 countries (AT, BE, BG, CY, CZ, DE, DK, EE, ES, FI, FR, GR, HR, HU, IE, IT, LT, LU, LV, MT, NL, PL, PT, RO, SE, SI, SK)",Togo,TIN AND ARTICLES THEREOF,IMPORT,VALUE_IN_EUROS,2009,5
ESTAT:DS-045409(1.0),06/02/26 11:00:00,Annual,"European Union - 27 countries (AT, BE, BG, CY, CZ, DE, DK, EE, ES, FI, FR, GR, HR, HU, IE, IT, LT, LU, LV, MT, NL, PL, PT, RO, SE, SI, SK)",Tunisia,TIN AND ARTICLES THEREOF,IMPORT,VALUE_IN_EUROS,1999,29472
ESTAT:DS-045409(1.0),06/02/26 11:00:00,Annual,"European Union - 27 countries (AT, BE, BG, CY, CZ, DE, DK, EE, ES, FI, FR, GR, HR, HU, IE, IT, LT, LU, LV, MT, NL, PL, PT, RO, SE, SI, SK)",Tunisia,TIN AND ARTICLES THEREOF,IMPORT,VALUE_IN_EUROS,2000,146148
ESTAT:DS-045409(1.0),06/02/26 11:00:00,Annual,"European Union - 27 countries (AT, BE, BG, CY, CZ, DE, DK, EE, ES, FI, FR, GR, HR, HU, IE, IT, LT, LU, LV, MT, NL, PL, PT, RO, SE, SI, SK)",Tunisia,TIN AND ARTICLES THEREOF,IMPORT,VALUE_IN_EUROS,2001,113586
ESTAT:DS-045409(1.0),06/02/26 11:00:00,Annual,"European Union - 27 countries (AT, BE, BG, CY, CZ, DE, DK, EE, ES, FI, FR, GR, HR, HU, IE, IT, LT, LU, LV, MT, NL, PL, PT, RO, SE, SI, SK)",Tunisia,TIN AND ARTICLES THEREOF,IMPORT,VALUE_IN_EUROS,2002,139273
ESTAT:DS-045409(1.0),06/02/26 11:00:00,Annual,"European Union - 27 countries (AT, BE, BG, CY, CZ, DE, DK, EE, ES, FI, FR, GR, HR, HU, IE, IT, LT, LU, LV, MT, NL, PL, PT, RO, SE, SI, SK)",Tunisia,TIN AND ARTICLES THEREOF,IMPORT,VALUE_IN_EUROS,2003,82141
ESTAT:DS-045409(1.0),06/02/26 11:00:00,Annual,"European Union - 27 countries (AT, BE, BG, CY, CZ, DE, DK, EE, ES, FI, FR, GR, HR, HU, IE, IT, LT, LU, LV, MT, NL, PL, PT, RO, SE, SI, SK)",Tunisia,TIN AND ARTICLES THEREOF,IMPORT,VALUE_IN_EUROS,2004,176019
ESTAT:DS-045409(1.0),06/02/26 11:00:00,Annual,"European Union - 27 countries (AT, BE, BG, CY, CZ, DE, DK, EE, ES, FI, FR, GR, HR, HU, IE, IT, LT, LU, LV, MT, NL, PL, PT, RO, SE, SI, SK)",Tunisia,TIN AND ARTICLES THEREOF,IMPORT,VALUE_IN_EUROS,2005,180454
ESTAT:DS-045409(1.0),06/02/26 11:00:00,Annual,"European Union - 27 countries (AT, BE, BG, CY, CZ, DE, DK, EE, ES, FI, FR, GR, HR, HU, IE, IT, LT, LU, LV, MT, NL, PL, PT, RO, SE, SI, SK)",Tunisia,TIN AND ARTICLES THEREOF,IMPORT,VALUE_IN_EUROS,2006,282727
ESTAT:DS-045409(1.0),06/02/26 11:00:00,Annual,"European Union - 27 countries (AT, BE, BG, CY, CZ, DE, DK, EE, ES, FI, FR, GR, HR, HU, IE, IT, LT, LU, LV, MT, NL, PL, PT, RO, SE, SI, SK)",Tunisia,TIN AND ARTICLES THEREOF,IMPORT,VALUE_IN_EUROS,2007,887892
ESTAT:DS-045409(1.0),06/02/26 11:00:00,Annual,"European Union - 27 countries (AT, BE, BG, CY, CZ, DE, DK, EE, ES, FI, FR, GR, HR, HU, IE, IT, LT, LU, LV, MT, NL, PL, PT, RO, SE, SI, SK)",Tunisia,TIN AND ARTICLES THEREOF,IMPORT,VALUE_IN_EUROS,2008,1109073
ESTAT:DS-045409(1.0),06/02/26 11:00:00,Annual,"European Union - 27 countries (AT, BE, BG, CY, CZ, DE, DK, EE, ES, FI, FR, GR, HR, HU, IE, IT, LT, LU, LV, MT, NL, PL, PT, RO, SE, SI, SK)",Tunisia,TIN AND ARTICLES THEREOF,IMPORT,VALUE_IN_EUROS,2009,653376
ESTAT:DS-045409(1.0),06/02/26 11:00:00,Annual,"European Union - 27 countries (AT, BE, BG, CY, CZ, DE, DK, EE, ES, FI, FR, GR, HR, HU, IE, IT, LT, LU, LV, MT, NL, PL, PT, RO, SE, SI, SK)",Tunisia,TIN AND ARTICLES THEREOF,IMPORT,VALUE_IN_EUROS,2010,1069166
ESTAT:DS-045409(1.0),06/02/26 11:00:00,Annual,"European Union - 27 countries (AT, BE, BG, CY, CZ, DE, DK, EE, ES, FI, FR, GR, HR, HU, IE, IT, LT, LU, LV, MT, NL, PL, PT, RO, SE, SI, SK)",Tunisia,TIN AND ARTICLES THEREOF,IMPORT,VALUE_IN_EUROS,2011,1663291
ESTAT:DS-045409(1.0),06/02/26 11:00:00,Annual,"European Union - 27 countries (AT, BE, BG, CY, CZ, DE, DK, EE, ES, FI, FR, GR, HR, HU, IE, IT, LT, LU, LV, MT, NL, PL, PT, RO, SE, SI, SK)",Tunisia,TIN AND ARTICLES THEREOF,IMPORT,VALUE_IN_EUROS,2012,1712576
ESTAT:DS-045409(1.0),06/02/26 11:00:00,Annual,"European Union - 27 countries (AT, BE, BG, CY, CZ, DE, DK, EE, ES, FI, FR, GR, HR, HU, IE, IT, LT, LU, LV, MT, NL, PL, PT, RO, SE, SI, SK)",Tunisia,TIN AND ARTICLES THEREOF,IMPORT,VALUE_IN_EUROS,2013,1588080
ESTAT:DS-045409(1.0),06/02/26 11:00:00,Annual,"European Union - 27 countries (AT, BE, BG, CY, CZ, DE, DK, EE, ES, FI, FR, GR, HR, HU, IE, IT, LT, LU, LV, MT, NL, PL, PT, RO, SE, SI, SK)",Tunisia,TIN AND ARTICLES THEREOF,IMPORT,VALUE_IN_EUROS,2014,1232513
ESTAT:DS-045409(1.0),06/02/26 11:00:00,Annual,"European Union - 27 countries (AT, BE, BG, CY, CZ, DE, DK, EE, ES, FI, FR, GR, HR, HU, IE, IT, LT, LU, LV, MT, NL, PL, PT, RO, SE, SI, SK)",Tunisia,TIN AND ARTICLES THEREOF,IMPORT,VALUE_IN_EUROS,2015,860769
ESTAT:DS-045409(1.0),06/02/26 11:00:00,Annual,"European Union - 27 countries (AT, BE, BG, CY, CZ, DE, DK, EE, ES, FI, FR, GR, HR, HU, IE, IT, LT, LU, LV, MT, NL, PL, PT, RO, SE, SI, SK)",Tunisia,TIN AND ARTICLES THEREOF,IMPORT,VALUE_IN_EUROS,2016,1304546
ESTAT:DS-045409(1.0),06/02/26 11:00:00,Annual,"European Union - 27 countries (AT, BE, BG, CY, CZ, DE, DK, EE, ES, FI, FR, GR, HR, HU, IE, IT, LT, LU, LV, MT, NL, PL, PT, RO, SE, SI, SK)",Tunisia,TIN AND ARTICLES THEREOF,IMPORT,VALUE_IN_EUROS,2017,1432787
ESTAT:DS-045409(1.0),06/02/26 11:00:00,Annual,"European Union - 27 countries (AT, BE, BG, CY, CZ, DE, DK, EE, ES, FI, FR, GR, HR, HU, IE, IT, LT, LU, LV, MT, NL, PL, PT, RO, SE, SI, SK)",Tunisia,TIN AND ARTICLES THEREOF,IMPORT,VALUE_IN_EUROS,2018,943335
ESTAT:DS-045409(1.0),06/02/26 11:00:00,Annual,"European Union - 27 countries (AT, BE, BG, CY, CZ, DE, DK, EE, ES, FI, FR, GR, HR, HU, IE, IT, LT, LU, LV, MT, NL, PL, PT, RO, SE, SI, SK)",Tunisia,TIN AND ARTICLES THEREOF,IMPORT,VALUE_IN_EUROS,2019,859922
ESTAT:DS-045409(1.0),06/02/26 11:00:00,Annual,"European Union - 27 countries (AT, BE, BG, CY, CZ, DE, DK, EE, ES, FI, FR, GR, HR, HU, IE, IT, LT, LU, LV, MT, NL, PL, PT, RO, SE, SI, SK)",Tunisia,TIN AND ARTICLES THEREOF,IMPORT,VALUE_IN_EUROS,2020,732244
ESTAT:DS-045409(1.0),06/02/26 11:00:00,Annual,"European Union - 27 countries (AT, BE, BG, CY, CZ, DE, DK, EE, ES, FI, FR, GR, HR, HU, IE, IT, LT, LU, LV, MT, NL, PL, PT, RO, SE, SI, SK)",Tunisia,TIN AND ARTICLES THEREOF,IMPORT,VALUE_IN_EUROS,2021,1272373
ESTAT:DS-045409(1.0),06/02/26 11:00:00,Annual,"European Union - 27 countries (AT, BE, BG, CY, CZ, DE, DK, EE, ES, FI, FR, GR, HR, HU, IE, IT, LT, LU, LV, MT, NL, PL, PT, RO, SE, SI, SK)",Tunisia,TIN AND ARTICLES THEREOF,IMPORT,VALUE_IN_EUROS,2022,1350272
ESTAT:DS-045409(1.0),06/02/26 11:00:00,Annual,"European Union - 27 countries (AT, BE, BG, CY, CZ, DE, DK, EE, ES, FI, FR, GR, HR, HU, IE, IT, LT, LU, LV, MT, NL, PL, PT, RO, SE, SI, SK)",Tunisia,TIN AND ARTICLES THEREOF,IMPORT,VALUE_IN_EUROS,2023,1249757
ESTAT:DS-045409(1.0),06/02/26 11:00:00,Annual,"European Union - 27 countries (AT, BE, BG, CY, CZ, DE, DK, EE, ES, FI, FR, GR, HR, HU, IE, IT, LT, LU, LV, MT, NL, PL, PT, RO, SE, SI, SK)",Tunisia,TIN AND ARTICLES THEREOF,IMPORT,VALUE_IN_EUROS,2024,1074261
ESTAT:DS-045409(1.0),06/02/26 11:00:00,Annual,"European Union - 27 countries (AT, BE, BG, CY, CZ, DE, DK, EE, ES, FI, FR, GR, HR, HU, IE, IT, LT, LU, LV, MT, NL, PL, PT, RO, SE, SI, SK)","Tanzania, United Republic of",TIN AND ARTICLES THEREOF,IMPORT,VALUE_IN_EUROS,2016,401
ESTAT:DS-045409(1.0),06/02/26 11:00:00,Annual,"European Union - 27 countries (AT, BE, BG, CY, CZ, DE, DK, EE, ES, FI, FR, GR, HR, HU, IE, IT, LT, LU, LV, MT, NL, PL, PT, RO, SE, SI, SK)","Tanzania, United Republic of",TIN AND ARTICLES THEREOF,IMPORT,VALUE_IN_EUROS,2017,3232
ESTAT:DS-045409(1.0),06/02/26 11:00:00,Annual,"European Union - 27 countries (AT, BE, BG, CY, CZ, DE, DK, EE, ES, FI, FR, GR, HR, HU, IE, IT, LT, LU, LV, MT, NL, PL, PT, RO, SE, SI, SK)","Tanzania, United Republic of",TIN AND ARTICLES THEREOF,IMPORT,VALUE_IN_EUROS,2019,50009
ESTAT:DS-045409(1.0),06/02/26 11:00:00,Annual,"European Union - 27 countries (AT, BE, BG, CY, CZ, DE, DK, EE, ES, FI, FR, GR, HR, HU, IE, IT, LT, LU, LV, MT, NL, PL, PT, RO, SE, SI, SK)","Tanzania, United Republic of",TIN AND ARTICLES THEREOF,IMPORT,VALUE_IN_EUROS,2022,1056923
ESTAT:DS-045409(1.0),06/02/26 11:00:00,Annual,"European Union - 27 countries (AT, BE, BG, CY, CZ, DE, DK, EE, ES, FI, FR, GR, HR, HU, IE, IT, LT, LU, LV, MT, NL, PL, PT, RO, SE, SI, SK)","Tanzania, United Republic of",TIN AND ARTICLES THEREOF,IMPORT,VALUE_IN_EUROS,2023,1333774
ESTAT:DS-045409(1.0),06/02/26 11:00:00,Annual,"European Union - 27 countries (AT, BE, BG, CY, CZ, DE, DK, EE, ES, FI, FR, GR, HR, HU, IE, IT, LT, LU, LV, MT, NL, PL, PT, RO, SE, SI, SK)","Tanzania, United Republic of",TIN AND ARTICLES THEREOF,IMPORT,VALUE_IN_EUROS,2024,152716
ESTAT:DS-045409(1.0),06/02/26 11:00:00,Annual,"European Union - 27 countries (AT, BE, BG, CY, CZ, DE, DK, EE, ES, FI, FR, GR, HR, HU, IE, IT, LT, LU, LV, MT, NL, PL, PT, RO, SE, SI, SK)",Uganda,TIN AND ARTICLES THEREOF,IMPORT,VALUE_IN_EUROS,2009,6478
ESTAT:DS-045409(1.0),06/02/26 11:00:00,Annual,"European Union - 27 countries (AT, BE, BG, CY, CZ, DE, DK, EE, ES, FI, FR, GR, HR, HU, IE, IT, LT, LU, LV, MT, NL, PL, PT, RO, SE, SI, SK)",Uganda,TIN AND ARTICLES THEREOF,IMPORT,VALUE_IN_EUROS,2017,2
ESTAT:DS-045409(1.0),06/02/26 11:00:00,Annual,"European Union - 27 countries (AT, BE, BG, CY, CZ, DE, DK, EE, ES, FI, FR, GR, HR, HU, IE, IT, LT, LU, LV, MT, NL, PL, PT, RO, SE, SI, SK)",Uganda,TIN AND ARTICLES THEREOF,IMPORT,VALUE_IN_EUROS,2024,19
ESTAT:DS-045409(1.0),06/02/26 11:00:00,Annual,"European Union - 27 countries (AT, BE, BG, CY, CZ, DE, DK, EE, ES, FI, FR, GR, HR, HU, IE, IT, LT, LU, LV, MT, NL, PL, PT, RO, SE, SI, SK)",South Africa (incl. Namibia 'NA' -> 1989),TIN AND ARTICLES THEREOF,IMPORT,VALUE_IN_EUROS,1999,95390
ESTAT:DS-045409(1.0),06/02/26 11:00:00,Annual,"European Union - 27 countries (AT, BE, BG, CY, CZ, DE, DK, EE, ES, FI, FR, GR, HR, HU, IE, IT, LT, LU, LV, MT, NL, PL, PT, RO, SE, SI, SK)",South Africa (incl. Namibia 'NA' -> 1989),TIN AND ARTICLES THEREOF,IMPORT,VALUE_IN_EUROS,2000,79639
ESTAT:DS-045409(1.0),06/02/26 11:00:00,Annual,"European Union - 27 countries (AT, BE, BG, CY, CZ, DE, DK, EE, ES, FI, FR, GR, HR, HU, IE, IT, LT, LU, LV, MT, NL, PL, PT, RO, SE, SI, SK)",South Africa (incl. Namibia 'NA' -> 1989),TIN AND ARTICLES THEREOF,IMPORT,VALUE_IN_EUROS,2001,13847
ESTAT:DS-045409(1.0),06/02/26 11:00:00,Annual,"European Union - 27 countries (AT, BE, BG, CY, CZ, DE, DK, EE, ES, FI, FR, GR, HR, HU, IE, IT, LT, LU, LV, MT, NL, PL, PT, RO, SE, SI, SK)",South Africa (incl. Namibia 'NA' -> 1989),TIN AND ARTICLES THEREOF,IMPORT,VALUE_IN_EUROS,2002,35841
ESTAT:DS-045409(1.0),06/02/26 11:00:00,Annual,"European Union - 27 countries (AT, BE, BG, CY, CZ, DE, DK, EE, ES, FI, FR, GR, HR, HU, IE, IT, LT, LU, LV, MT, NL, PL, PT, RO, SE, SI, SK)",South Africa (incl. Namibia 'NA' -> 1989),TIN AND ARTICLES THEREOF,IMPORT,VALUE_IN_EUROS,2003,10277
ESTAT:DS-045409(1.0),06/02/26 11:00:00,Annual,"European Union - 27 countries (AT, BE, BG, CY, CZ, DE, DK, EE, ES, FI, FR, GR, HR, HU, IE, IT, LT, LU, LV, MT, NL, PL, PT, RO, SE, SI, SK)",South Africa (incl. Namibia 'NA' -> 1989),TIN AND ARTICLES THEREOF,IMPORT,VALUE_IN_EUROS,2004,10532
ESTAT:DS-045409(1.0),06/02/26 11:00:00,Annual,"European Union - 27 countries (AT, BE, BG, CY, CZ, DE, DK, EE, ES, FI, FR, GR, HR, HU, IE, IT, LT, LU, LV, MT, NL, PL, PT, RO, SE, SI, SK)",South Africa (incl. Namibia 'NA' -> 1989),TIN AND ARTICLES THEREOF,IMPORT,VALUE_IN_EUROS,2005,16344
ESTAT:DS-045409(1.0),06/02/26 11:00:00,Annual,"European Union - 27 countries (AT, BE, BG, CY, CZ, DE, DK, EE, ES, FI, FR, GR, HR, HU, IE, IT, LT, LU, LV, MT, NL, PL, PT, RO, SE, SI, SK)",South Africa (incl. Namibia 'NA' -> 1989),TIN AND ARTICLES THEREOF,IMPORT,VALUE_IN_EUROS,2006,43296
ESTAT:DS-045409(1.0),06/02/26 11:00:00,Annual,"European Union - 27 countries (AT, BE, BG, CY, CZ, DE, DK, EE, ES, FI, FR, GR, HR, HU, IE, IT, LT, LU, LV, MT, NL, PL, PT, RO, SE, SI, SK)",South Africa (incl. Namibia 'NA' -> 1989),TIN AND ARTICLES THEREOF,IMPORT,VALUE_IN_EUROS,2007,419600
ESTAT:DS-045409(1.0),06/02/26 11:00:00,Annual,"European Union - 27 countries (AT, BE, BG, CY, CZ, DE, DK, EE, ES, FI, FR, GR, HR, HU, IE, IT, LT, LU, LV, MT, NL, PL, PT, RO, SE, SI, SK)",South Africa (incl. Namibia 'NA' -> 1989),TIN AND ARTICLES THEREOF,IMPORT,VALUE_IN_EUROS,2008,85390
ESTAT:DS-045409(1.0),06/02/26 11:00:00,Annual,"European Union - 27 countries (AT, BE, BG, CY, CZ, DE, DK, EE, ES, FI, FR, GR, HR, HU, IE, IT, LT, LU, LV, MT, NL, PL, PT, RO, SE, SI, SK)",South Africa (incl. Namibia 'NA' -> 1989),TIN AND ARTICLES THEREOF,IMPORT,VALUE_IN_EUROS,2009,67448
ESTAT:DS-045409(1.0),06/02/26 11:00:00,Annual,"European Union - 27 countries (AT, BE, BG, CY, CZ, DE, DK, EE, ES, FI, FR, GR, HR, HU, IE, IT, LT, LU, LV, MT, NL, PL, PT, RO, SE, SI, SK)",South Africa (incl. Namibia 'NA' -> 1989),TIN AND ARTICLES THEREOF,IMPORT,VALUE_IN_EUROS,2010,59849
ESTAT:DS-045409(1.0),06/02/26 11:00:00,Annual,"European Union - 27 countries (AT, BE, BG, CY, CZ, DE, DK, EE, ES, FI, FR, GR, HR, HU, IE, IT, LT, LU, LV, MT, NL, PL, PT, RO, SE, SI, SK)",South Africa (incl. Namibia 'NA' -> 1989),TIN AND ARTICLES THEREOF,IMPORT,VALUE_IN_EUROS,2011,90849
ESTAT:DS-045409(1.0),06/02/26 11:00:00,Annual,"European Union - 27 countries (AT, BE, BG, CY, CZ, DE, DK, EE, ES, FI, FR, GR, HR, HU, IE, IT, LT, LU, LV, MT, NL, PL, PT, RO, SE, SI, SK)",South Africa (incl. Namibia 'NA' -> 1989),TIN AND ARTICLES THEREOF,IMPORT,VALUE_IN_EUROS,2012,44643
ESTAT:DS-045409(1.0),06/02/26 11:00:00,Annual,"European Union - 27 countries (AT, BE, BG, CY, CZ, DE, DK, EE, ES, FI, FR, GR, HR, HU, IE, IT, LT, LU, LV, MT, NL, PL, PT, RO, SE, SI, SK)",South Africa (incl. Namibia 'NA' -> 1989),TIN AND ARTICLES THEREOF,IMPORT,VALUE_IN_EUROS,2013,453895
ESTAT:DS-045409(1.0),06/02/26 11:00:00,Annual,"European Union - 27 countries (AT, BE, BG, CY, CZ, DE, DK, EE, ES, FI, FR, GR, HR, HU, IE, IT, LT, LU, LV, MT, NL, PL, PT, RO, SE, SI, SK)",South Africa (incl. Namibia 'NA' -> 1989),TIN AND ARTICLES THEREOF,IMPORT,VALUE_IN_EUROS,2014,61567
ESTAT:DS-045409(1.0),06/02/26 11:00:00,Annual,"European Union - 27 countries (AT, BE, BG, CY, CZ, DE, DK, EE, ES, FI, FR, GR, HR, HU, IE, IT, LT, LU, LV, MT, NL, PL, PT, RO, SE, SI, SK)",South Africa (incl. Namibia 'NA' -> 1989),TIN AND ARTICLES THEREOF,IMPORT,VALUE_IN_EUROS,2015,7929
ESTAT:DS-045409(1.0),06/02/26 11:00:00,Annual,"European Union - 27 countries (AT, BE, BG, CY, CZ, DE, DK, EE, ES, FI, FR, GR, HR, HU, IE, IT, LT, LU, LV, MT, NL, PL, PT, RO, SE, SI, SK)",South Africa (incl. Namibia 'NA' -> 1989),TIN AND ARTICLES THEREOF,IMPORT,VALUE_IN_EUROS,2016,30482
ESTAT:DS-045409(1.0),06/02/26 11:00:00,Annual,"European Union - 27 countries (AT, BE, BG, CY, CZ, DE, DK, EE, ES, FI, FR, GR, HR, HU, IE, IT, LT, LU, LV, MT, NL, PL, PT, RO, SE, SI, SK)",South Africa (incl. Namibia 'NA' -> 1989),TIN AND ARTICLES THEREOF,IMPORT,VALUE_IN_EUROS,2017,74443
ESTAT:DS-045409(1.0),06/02/26 11:00:00,Annual,"European Union - 27 countries (AT, BE, BG, CY, CZ, DE, DK, EE, ES, FI, FR, GR, HR, HU, IE, IT, LT, LU, LV, MT, NL, PL, PT, RO, SE, SI, SK)",South Africa (incl. Namibia 'NA' -> 1989),TIN AND ARTICLES THEREOF,IMPORT,VALUE_IN_EUROS,2018,31877
ESTAT:DS-045409(1.0),06/02/26 11:00:00,Annual,"European Union - 27 countries (AT, BE, BG, CY, CZ, DE, DK, EE, ES, FI, FR, GR, HR, HU, IE, IT, LT, LU, LV, MT, NL, PL, PT, RO, SE, SI, SK)",South Africa (incl. Namibia 'NA' -> 1989),TIN AND ARTICLES THEREOF,IMPORT,VALUE_IN_EUROS,2019,29528
ESTAT:DS-045409(1.0),06/02/26 11:00:00,Annual,"European Union - 27 countries (AT, BE, BG, CY, CZ, DE, DK, EE, ES, FI, FR, GR, HR, HU, IE, IT, LT, LU, LV, MT, NL, PL, PT, RO, SE, SI, SK)",South Africa (incl. Namibia 'NA' -> 1989),TIN AND ARTICLES THEREOF,IMPORT,VALUE_IN_EUROS,2020,233979
ESTAT:DS-045409(1.0),06/02/26 11:00:00,Annual,"European Union - 27 countries (AT, BE, BG, CY, CZ, DE, DK, EE, ES, FI, FR, GR, HR, HU, IE, IT, LT, LU, LV, MT, NL, PL, PT, RO, SE, SI, SK)",South Africa (incl. Namibia 'NA' -> 1989),TIN AND ARTICLES THEREOF,IMPORT,VALUE_IN_EUROS,2021,58237
ESTAT:DS-045409(1.0),06/02/26 11:00:00,Annual,"European Union - 27 countries (AT, BE, BG, CY, CZ, DE, DK, EE, ES, FI, FR, GR, HR, HU, IE, IT, LT, LU, LV, MT, NL, PL, PT, RO, SE, SI, SK)",South Africa (incl. Namibia 'NA' -> 1989),TIN AND ARTICLES THEREOF,IMPORT,VALUE_IN_EUROS,2022,212494
ESTAT:DS-045409(1.0),06/02/26 11:00:00,Annual,"European Union - 27 countries (AT, BE, BG, CY, CZ, DE, DK, EE, ES, FI, FR, GR, HR, HU, IE, IT, LT, LU, LV, MT, NL, PL, PT, RO, SE, SI, SK)",South Africa (incl. Namibia 'NA' -> 1989),TIN AND ARTICLES THEREOF,IMPORT,VALUE_IN_EUROS,2023,104542
ESTAT:DS-045409(1.0),06/02/26 11:00:00,Annual,"European Union - 27 countries (AT, BE, BG, CY, CZ, DE, DK, EE, ES, FI, FR, GR, HR, HU, IE, IT, LT, LU, LV, MT, NL, PL, PT, RO, SE, SI, SK)",South Africa (incl. Namibia 'NA' -> 1989),TIN AND ARTICLES THEREOF,IMPORT,VALUE_IN_EUROS,2024,1398
ESTAT:DS-045409(1.0),06/02/26 11:00:00,Annual,"European Union - 27 countries (AT, BE, BG, CY, CZ, DE, DK, EE, ES, FI, FR, GR, HR, HU, IE, IT, LT, LU, LV, MT, NL, PL, PT, RO, SE, SI, SK)",Zimbabwe,TIN AND ARTICLES THEREOF,IMPORT,VALUE_IN_EUROS,2002,806
ESTAT:DS-045409(1.0),06/02/26 11:00:00,Annual,"European Union - 27 countries (AT, BE, BG, CY, CZ, DE, DK, EE, ES, FI, FR, GR, HR, HU, IE, IT, LT, LU, LV, MT, NL, PL, PT, RO, SE, SI, SK)",Zimbabwe,TIN AND ARTICLES THEREOF,IMPORT,VALUE_IN_EUROS,2004,19
ESTAT:DS-045409(1.0),06/02/26 11:00:00,Annual,"European Union - 27 countries (AT, BE, BG, CY, CZ, DE, DK, EE, ES, FI, FR, GR, HR, HU, IE, IT, LT, LU, LV, MT, NL, PL, PT, RO, SE, SI, SK)",Zimbabwe,TIN AND ARTICLES THEREOF,IMPORT,VALUE_IN_EUROS,2005,199
ESTAT:DS-045409(1.0),06/02/26 11:00:00,Annual,"European Union - 27 countries (AT, BE, BG, CY, CZ, DE, DK, EE, ES, FI, FR, GR, HR, HU, IE, IT, LT, LU, LV, MT, NL, PL, PT, RO, SE, SI, SK)",Zimbabwe,TIN AND ARTICLES THEREOF,IMPORT,VALUE_IN_EUROS,2021,2546
ESTAT:DS-045409(1.0),06/02/26 11:00:00,Annual,"European Union - 27 countries (AT, BE, BG, CY, CZ, DE, DK, EE, ES, FI, FR, GR, HR, HU, IE, IT, LT, LU, LV, MT, NL, PL, PT, RO, SE, SI, SK)",Zimbabwe,TIN AND ARTICLES THEREOF,IMPORT,VALUE_IN_EUROS,2022,7549
ESTAT:DS-045409(1.0),06/02/26 11:00:00,Annual,"European Union - 27 countries (AT, BE, BG, CY, CZ, DE, DK, EE, ES, FI, FR, GR, HR, HU, IE, IT, LT, LU, LV, MT, NL, PL, PT, RO, SE, SI, SK)",Zimbabwe,TIN AND ARTICLES THEREOF,IMPORT,VALUE_IN_EUROS,2023,7072
ESTAT:DS-045409(1.0),06/02/26 11:00:00,Annual,"European Union - 27 countries (AT, BE, BG, CY, CZ, DE, DK, EE, ES, FI, FR, GR, HR, HU, IE, IT, LT, LU, LV, MT, NL, PL, PT, RO, SE, SI, SK)",Zimbabwe,TIN AND ARTICLES THEREOF,IMPORT,VALUE_IN_EUROS,2024,881
